index,old,new
1_1001,crystal,challenging-crystal
1_1002,crystal,challenging-crystal
1_1038,crystal,non-crystal
1_1048,crystal,crystal
1_1086,crystal,non-crystal
1_109,crystal,challenging-crystal
1_1111,crystal,challenging-crystal
1_1128,crystal,noncrystal
1_1141,crystal,challenging-crystal
1_1153,crystal,challenging-crystal
1_1159,crystal,challenging-crystal
1_1168,crystal,challenging-crystal
1_116,crystal,challenging-crystal
1_1183,crystal,non-crystal
1_1201,crystal,crystal
1_1205,crystal,non-crystal
1_1224,crystal,challenging-crystal
1_122,crystal,challenging-crystal
1_1237,crystal,challenging-crystal
1_1260,crystal,challenging-crystal
1_1261,crystal,challenging-crystal
1_1307,crystal,crystal
1_131,crystal,non-crystal
1_1321,crystal,non-crystal
1_1324,crystal,challenging-crystal
1_1362,crystal,crystal
1_1368,crystal,non-crystal
1_13,crystal,crystal
1_1407,crystal,crystal
1_1410,crystal,non-crystal
1_1413,crystal,challenging-crystal
1_1416,crystal,challenging-crystal
1_1427,crystal,challenging-crystal
1_1433,crystal,non-crystal
1_1489,crystal,challenging-crystal
1_14,crystal,challenging-crystal
1_1587,crystal,challenging-crystal
1_1602,crystal,challenging-crystal
1_1603,crystal,challenging-crystal
1_1643,crystal,challenging-crystal
1_1645,crystal,challenging-crystal
1_1646,crystal,crystal
1_1666,crystal,challenging-crystal
1_1676,crystal,crystal
1_1683,crystal,challenging-crystal
1_1684,crystal,challenging-crystal
1_172,crystal,non-crystal
1_175,crystal,crystal
1_1764,crystal,non-crystal
1_1802,crystal,challenging-crystal
1_1816,crystal,challenging-crystal
1_186,crystal,non-crystal
1_192,crystal,non-crystal
1_1931,crystal,challenging-crystal
1_1949,crystal,challenging-crystal
1_1957,crystal,challenging-crystal
1_1975,crystal,non-crystal
1_2023,crystal,crystal
1_2031,crystal,crystal
1_2035,crystal,crystal
1_2053,crystal,challenging-crystal
1_2064,crystal,challenging-crystal
1_2075,crystal,challenging-crystal
1_2076,crystal,challenging-crystal
1_2081,crystal,challenging-crystal
1_2091,crystal,challenging-crystal
1_2097,crystal,non-crystal
1_2133,crystal,challenging-crystal
1_2175,crystal,challenging-crystal
1_2183,crystal,challenging-crystal
1_2186,crystal,non-crystal
1_2198,crystal,challenging-crystal
1_2201,crystal,non-crystal
1_2270,crystal,challenging-crystal
1_2277,crystal,challenging-crystal
1_2286,crystal,challenging-crystal
1_2291,crystal,challenging-crystal
1_2292,crystal,non-crystal
1_2316,crystal,crystal
1_2327,crystal,challenging-crystal
1_2329,crystal,challenging-crystal
1_2339,crystal,challenging-crystal
1_2340,crystal,challenging-crystal
1_2398,crystal,challenging-crystal
1_2416,crystal,non-crystal
1_2417,crystal,challenging-crystal
1_2421,crystal,challenging-crystal
1_2433,crystal,challenging-crystal
1_2446,crystal,challenging-crystal
1_2464,crystal,challenging-crystal
1_2558,crystal,challenging-crystal
1_2591,crystal,challenging-crystal
1_2604,crystal,crystal
1_262,crystal,challenging-crystal
1_2647,crystal,challenging-crystal
1_2651,crystal,challenging-crystal
1_2670,crystal,challenging-crystal
1_2706,crystal,challenging-crystal
1_2708,crystal,challenging-crystal
1_2745,crystal,non-crystal
1_274,crystal,crystal
1_2762,crystal,crystal
1_2765,crystal,crystal
1_2776,crystal,crystal
1_2781,crystal,challenging-crystal
1_2794,crystal,challenging-crystal
1_2797,crystal,challenging-crystal
1_2805,crystal,crystal
1_280,crystal,challenging-crystal
1_2815,crystal,non-crystal
1_2824,crystal,non-crystal
1_2857,crystal,challenging-crystal
1_285,crystal,non-crystal
1_2882,crystal,challenging-crystal
1_2890,crystal,challenging-crystal
1_2898,crystal,challenging-crystal
1_2959,crystal,challenging-crystal
1_2971,crystal,non-crystal
1_2977,crystal,non-crystal
1_3012,crystal,crystal
1_3025,crystal,challenging-crystal
1_3031,crystal,challenging-crystal
1_3062,crystal,crystal
1_3066,crystal,crystal
1_3068,crystal,challenging-crystal
1_3075,crystal,crystal
1_3084,crystal,challenging-crystal
1_3091,crystal,crystal
1_3095,crystal,crystal
1_3150,crystal,challenging-crystal
1_3180,crystal,challenging-crystal
1_3182,crystal,challenging-crystal
1_3204,crystal,challenging-crystal
1_3214,crystal,crystal
1_3240,crystal,challenging-crystal
1_3274,crystal,challenging-crystal
1_3301,crystal,crystal
1_3303,crystal,challenging-crystal
1_3312,crystal,challenging-crystal
1_3323,crystal,challenging-crystal
1_3331,crystal,crystal
1_3338,crystal,challenging-crystal
1_3345,crystal,challenging-crystal
1_3373,crystal,challenging-crystal
1_3383,crystal,crystal
1_3385,crystal,challenging-crystal
1_3396,crystal,challenging-crystal
1_3408,crystal,challenging-crystal
1_3429,crystal,challenging-crystal
1_3458,crystal,challenging-crystal
1_3467,crystal,challenging-crystal
1_3483,crystal,crystal
1_3489,crystal,challenging-crystal
1_3494,crystal,non-crystal
1_351,crystal,challenging-crystal
1_3533,crystal,crystal
1_3576,crystal,challenging-crystal
1_3596,crystal,challenging-crystal
1_3618,crystal,challenging-crystal
1_3652,crystal,crystal
1_3660,crystal,challenging-crystal
1_3682,crystal,challenging-crystal
1_3685,crystal,non-crystal
1_368,crystal,non-crystal
1_3698,crystal,non-crystal
1_3714,crystal,challenging-crystal
1_3720,crystal,crystal
1_3723,crystal,non-crystal
1_3743,crystal,crystal
1_3774,crystal,crystal
1_3775,crystal,challenging-crystal
1_3793,crystal,crystal
1_3850,crystal,challenging-crystal
1_385,crystal,challenging-crystal
1_386,crystal,challenging-crystal
1_3875,crystal,crystal
1_3876,crystal,challenging-crystal
1_3880,crystal,crystal
1_3884,crystal,challenging-crystal
1_3893,crystal,challenging-crystal
1_3895,crystal,challenging-crystal
1_390,crystal,challenging-crystal
1_3927,crystal,non-crystal
1_3931,crystal,non-crystal
1_3952,crystal,challenging-crystal
1_3970,crystal,crystal
1_3983,crystal,non-crystal
1_3999,crystal,challenging-crystal
1_4008,crystal,non-crystal
1_4011,crystal,crystal
1_4032,crystal,non-crystal
1_4036,crystal,non-crystal
1_4051,crystal,crystal
1_4055,crystal,crystal
1_4066,crystal,challenging-crystal
1_4067,crystal,crystal
1_4079,crystal,challenging-crystal
1_4100,crystal,challenging-crystal
1_4116,crystal,non-crystal
1_4128,crystal,non-crystal
1_4134,crystal,non-crystal
1_4135,crystal,challenging-crystal
1_4138,crystal,challenging-crystal
1_4159,crystal,crystal
1_4171,crystal,non-crystal
1_417,crystal,non-crystal
1_4191,crystal,challenging-crystal
1_4194,crystal,non-crystal
1_4204,crystal,non-crystal
1_4208,crystal,challenging-crystal
1_421,crystal,challenging-crystal
1_4235,crystal,crystal
1_4247,crystal,challenging-crystal
1_4249,crystal,crystal
1_4265,crystal,challenging-crystal
1_4268,crystal,non-crystal
1_4272,crystal,crystal
1_4285,crystal,crystal
1_4286,crystal,challenging-crystal
1_4300,crystal,non-crystal
1_4302,crystal,crystal
1_4304,crystal,challenging-crystal
1_4332,crystal,non-crystal
1_4337,crystal,challenging-crystal
1_434,crystal,challenging-crystal
1_4352,crystal,challenging-crystal
1_4369,crystal,challenging-crystal
1_4379,crystal,challenging-crystal
1_4386,crystal,challenging-crystal
1_4422,crystal,challenging-crystal
1_4428,crystal,challenging-crystal
1_4435,crystal,challenging-crystal
1_4451,crystal,challenging-crystal
1_4456,crystal,challenging-crystal
1_4477,crystal,challenging-crystal
1_4479,crystal,challenging-crystal
1_4484,crystal,challenging-crystal
1_4491,crystal,challenging-crystal
1_4498,crystal,crystal
1_449,crystal,challenging-crystal
1_4510,crystal,challenging-crystal
1_452,crystal,challenging-crystal
1_4530,crystal,crystal
1_4539,crystal,challenging-crystal
1_4545,crystal,challenging-crystal
1_4546,crystal,crystal
1_4548,crystal,challenging-crystal
1_4552,crystal,challenging-crystal
1_4554,crystal,non-crystal
1_4567,crystal,crystal
1_4579,crystal,non-crystal
1_4582,crystal,crystal
1_4614,crystal,non-crystal
1_4623,crystal,challenging-crystal
1_4625,crystal,challenging-crystal
1_4627,crystal,challenging-crystal
1_463,crystal,crystal
1_4657,crystal,challenging-crystal
1_467,crystal,challenging-crystal
1_4710,crystal,challenging-crystal
1_474,crystal,non-crystal
1_4753,crystal,challenging-crystal
1_4756,crystal,challenging-crystal
1_478,crystal,non-crystal
1_47,crystal,crystal
1_4803,crystal,challenging-crystal
1_4810,crystal,challenging-crystal
1_4817,crystal,challenging-crystal
1_4836,crystal,challenging-crystal
1_4879,crystal,challenging-crystal
1_4885,crystal,challenging-crystal
1_4919,crystal,challenging-crystal
1_4920,crystal,non-crystal
1_4928,crystal,challenging-crystal
1_4929,crystal,challenging-crystal
1_4944,crystal,challenging-crystal
1_4953,crystal,crystal
1_495,crystal,challenging-crystal
1_497,crystal,non-crystal
1_4986,crystal,challenging-crystal
1_4993,crystal,challenging-crystal
1_4997,crystal,crystal
1_5007,crystal,challenging-crystal
1_5017,crystal,challenging-crystal
1_5024,crystal,non-crystal
1_5037,crystal,challenging-crystal
1_5043,crystal,challenging-crystal
1_5067,crystal,challenging-crystal
1_5105,crystal,challenging-crystal
1_5115,crystal,crystal
1_5118,crystal,challenging-crystal
1_5151,crystal,challenging-crystal
1_5154,crystal,challenging-crystal
1_5196,crystal,challenging-crystal
1_5203,crystal,challenging-crystal
1_5218,crystal,crystal
1_5243,crystal,crystal
1_5260,crystal,crystal
1_5268,crystal,crystal
1_5274,crystal,challenging-crystal
1_5300,crystal,challenging-crystal
1_5322,crystal,challenging-crystal
1_5336,crystal,challenging-crystal
1_5349,crystal,challenging-crystal
1_5353,crystal,challenging-crystal
1_5402,crystal,challenging-crystal
1_5417,crystal,crystal
1_541,crystal,challenging-crystal
1_5424,crystal,challenging-crystal
1_5428,crystal,crystal
1_542,crystal,challenging-crystal
1_5438,crystal,challenging-crystal
1_5454,crystal,crystal
1_5467,crystal,challenging-crystal
1_5490,crystal,challenging-crystal
1_5515,crystal,challenging-crystal
1_5532,crystal,crystal
1_5546,crystal,challenging-crystal
1_5569,crystal,challenging-crystal
1_5576,crystal,challenging-crystal
1_5582,crystal,challenging-crystal
1_5589,crystal,crystal
1_5602,crystal,crystal
1_5624,crystal,challenging-crystal
1_5656,crystal,challenging-crystal
1_5660,crystal,crystal
1_5676,crystal,challenging-crystal
1_5689,crystal,challenging-crystal
1_5736,crystal,crystal
1_5739,crystal,non-crystal
1_5779,crystal,challenging-crystal
1_5780,crystal,challenging-crystal
1_5784,crystal,challenging-crystal
1_5793,crystal,challenging-crystal
1_5794,crystal,challenging-crystal
1_5797,crystal,challenging-crystal
1_5802,crystal,challenging-crystal
1_5803,crystal,challenging-crystal
1_5816,crystal,challenging-crystal
1_5825,crystal,crystal
1_5830,crystal,challenging-crystal
1_5844,crystal,challenging-crystal
1_5862,crystal,non-crystal
1_5871,crystal,challenging-crystal
1_5872,crystal,crystal
1_5897,crystal,crystal
1_5920,crystal,challenging-crystal
1_5942,crystal,crystal
1_5951,crystal,crystal
1_595,crystal,challenging-crystal
1_6008,crystal,challenging-crystal
1_6015,crystal,non-crystal
1_6024,crystal,non-crystal
1_6057,crystal,challenging-crystal
1_6091,crystal,challenging-crystal
1_6100,crystal,challenging-crystal
1_6108,crystal,challenging-crystal
1_6117,crystal,challenging-crystal
1_6126,crystal,challenging-crystal
1_6136,crystal,crystal
1_6153,crystal,challenging-crystal
1_6154,crystal,challenging-crystal
1_6168,crystal,challenging-crystal
1_6174,crystal,challenging-crystal
1_620,crystal,challenging-crystal
1_6212,crystal,crystal
1_6221,crystal,crystal
1_6222,crystal,non-crystal
1_6224,crystal,non-crystal
1_6239,crystal,crystal
1_6243,crystal,challenging-crystal
1_6250,crystal,challenging-crystal
1_6276,crystal,challenging-crystal
1_6306,crystal,non-crystal
1_6311,crystal,challenging-crystal
1_6320,crystal,non-crystal
1_6328,crystal,crystal
1_6341,crystal,challenging-crystal
1_6358,crystal,crystal
1_6363,crystal,challenging-crystal
1_6369,crystal,challenging-crystal
1_63,crystal,non-crystal
1_6414,crystal,challenging-crystal
1_6417,crystal,challenging-crystal
1_6425,crystal,challenging-crystal
1_6442,crystal,crystal
1_6448,crystal,crystal
1_6477,crystal,challenging-crystal
1_6483,crystal,challenging-crystal
1_650,crystal,challenging-crystal
1_6562,crystal,crystal
1_6565,crystal,challenging-crystal
1_6580,crystal,challenging-crystal
1_6594,crystal,challenging-crystal
1_6599,crystal,challenging-crystal
1_6600,crystal,challenging-crystal
1_6626,crystal,challenging-crystal
1_6628,crystal,challenging-crystal
1_6630,crystal,challenging-crystal
1_6631,crystal,crystal
1_6643,crystal,challenging-crystal
1_6658,crystal,crystal
1_665,crystal,challenging-crystal
1_6720,crystal,crystal
1_672,crystal,non-crystal
1_6731,crystal,challenging-crystal
1_6753,crystal,challenging-crystal
1_6778,crystal,challenging-crystal
1_6822,crystal,crystal
1_6836,crystal,challenging-crystal
1_683,crystal,challenging-crystal
1_6862,crystal,crystal
1_693,crystal,non-crystal
1_695,crystal,crystal
1_69,crystal,non-crystal
1_708,crystal,non-crystal
1_70,crystal,challenging-crystal
1_721,crystal,challenging-crystal
1_736,crystal,challenging-crystal
1_744,crystal,crystal
1_751,crystal,challenging-crystal
1_788,crystal,crystal
1_83,crystal,challenging-crystal
1_870,crystal,challenging-crystal
1_871,crystal,crystal
1_903,crystal,challenging-crystal
1_925,crystal,challenging-crystal
1_97,crystal,challenging-crystal
1_995,crystal,challenging-crystal
1_9,crystal,crystal
2_1029,crystal,challenging-crystal
2_1117,crystal,challenging-crystal
2_1147,crystal,challenging-crystal
2_1232,crystal,challenging-crystal
2_1244,crystal,non-crystal
2_1275,crystal,non-crystal
2_127,crystal,challenging-crystal
2_1306,crystal,crystal
2_141,crystal,non-crystal
2_1531,crystal,challenging-crystal
2_1641,crystal,non-crystal
2_1790,crystal,challenging-crystal
2_1880,crystal,challenging-crystal
2_1961,crystal,challenging-crystal
2_2254,crystal,challenging-crystal
2_2274,crystal,non-crystal
2_2277,crystal,non-crystal
2_2356,crystal,non-crystal
2_2492,crystal,non-crystal
2_2547,crystal,crystal
2_2763,crystal,non-crystal
2_2885,crystal,challenging-crystal
2_2945,crystal,challenging-crystal
2_3055,crystal,challenging-crystal
2_3101,crystal,non-crystal
2_3114,crystal,challenging-crystal
2_312,crystal,challenging-crystal
2_3163,crystal,crystal
2_3183,crystal,challenging-crystal
2_3228,crystal,challenging-crystal
2_3243,crystal,crystal
2_3248,crystal,non-crystal
2_324,crystal,challenging-crystal
2_32,crystal,crystal
2_3457,crystal,challenging-crystal
2_3744,crystal,challenging-crystal
2_3776,crystal,challenging-crystal
2_3790,crystal,crystal
2_3927,crystal,challenging-crystal
2_4026,crystal,challenging-crystal
2_4308,crystal,challenging-crystal
2_4319,crystal,challenging-crystal
2_4321,crystal,challenging-crystal
2_4568,crystal,non-crystal
2_4865,crystal,challenging-crystal
2_4929,crystal,challenging-crystal
2_5056,crystal,challenging-crystal
2_5087,crystal,challenging-crystal
2_5175,crystal,challenging-crystal
2_5176,crystal,non-crystal
2_5195,crystal,non-crystal
2_5247,crystal,challenging-crystal
2_5286,crystal,challenging-crystal
2_5303,crystal,non-crystal
2_5320,crystal,challenging-crystal
2_5323,crystal,challenging-crystal
2_5345,crystal,challenging-crystal
2_5398,crystal,challenging-crystal
2_5405,crystal,non-crystal
2_5578,crystal,non-crystal
2_5703,crystal,challenging-crystal
2_5933,crystal,non-crystal
2_6032,crystal,non-crystal
2_6246,crystal,crystal
2_6302,crystal,challenging-crystal
2_6311,crystal,crystal
2_6385,crystal,challenging-crystal
2_6415,crystal,challenging-crystal
2_6487,crystal,challenging-crystal
2_6517,crystal,challenging-crystal
2_6639,crystal,challenging-crystal
2_6668,crystal,challenging-crystal
2_6779,crystal,challenging-crystal
2_6785,crystal,challenging-crystal
2_788,crystal,crystal
2_911,crystal,challenging-crystal
2_93,crystal,challenging-crystal
1_1019,non-crystal,non-crystal
1_1287,non-crystal,challenging-crystal
1_130,non-crystal,challenging-crystal
1_1687,non-crystal,non-crystal
1_1706,non-crystal,non-crystal
1_2124,non-crystal,non-crystal
1_2173,non-crystal,challenging-crystal
1_230,non-crystal,non-crystal
1_2321,non-crystal,non-crystal
1_2527,non-crystal,non-crystal
1_2630,non-crystal,non-crystal
1_2954,non-crystal,non-crystal
1_3072,non-crystal,non-crystal
1_3145,non-crystal,non-crystal
1_3294,non-crystal,non-crystal
1_3441,non-crystal,challenging-crystal
1_3539,non-crystal,non-crystal
1_4022,non-crystal,non-crystal
1_4120,non-crystal,non-crystal
1_4659,non-crystal,challenging-crystal
1_4762,non-crystal,non-crystal
1_4770,non-crystal,non-crystal
1_4913,non-crystal,non-crystal
1_5100,non-crystal,non-crystal
1_5186,non-crystal,challenging-crystal
1_5311,non-crystal,non-crystal
1_5451,non-crystal,non-crystal
1_5746,non-crystal,non-crystal
1_5763,non-crystal,non-crystal
1_5821,non-crystal,challenging-crystal
1_589,non-crystal,non-crystal
1_6187,non-crystal,non-crystal
1_6352,non-crystal,non-crystal
1_652,non-crystal,non-crystal
1_6532,non-crystal,non-crystal
1_6665,non-crystal,non-crystal
1_6764,non-crystal,non-crystal
1_6819,non-crystal,non-crystal
1_6857,non-crystal,challenging-crystal
1_955,non-crystal,non-crystal
1_958,non-crystal,non-crystal
2_1027,non-crystal,non-crystal
2_14,non-crystal,non-crystal
2_1601,non-crystal,non-crystal
2_1650,non-crystal,non-crystal
2_1674,non-crystal,non-crystal
2_1676,non-crystal,non-crystal
2_1754,non-crystal,non-crystal
2_1797,non-crystal,non-crystal
2_2099,non-crystal,non-crystal
2_209,non-crystal,non-crystal
2_211,non-crystal,non-crystal
2_233,non-crystal,non-crystal
2_2427,non-crystal,non-crystal
2_2431,non-crystal,non-crystal
2_2507,non-crystal,non-crystal
2_2747,non-crystal,non-crystal
2_2791,non-crystal,non-crystal
2_2847,non-crystal,challenging-crystal
2_2880,non-crystal,non-crystal
2_2913,non-crystal,non-crystal
2_3051,non-crystal,non-crystal
2_3276,non-crystal,non-crystal
2_3305,non-crystal,challenging-crystal
2_3336,non-crystal,non-crystal
2_35,non-crystal,non-crystal
2_361,non-crystal,non-crystal
2_3687,non-crystal,non-crystal
2_3750,non-crystal,non-crystal
2_3796,non-crystal,non-crystal
2_3840,non-crystal,non-crystal
2_3857,non-crystal,non-crystal
2_3874,non-crystal,non-crystal
2_3916,non-crystal,non-crystal
2_399,non-crystal,non-crystal
2_426,non-crystal,non-crystal
2_4471,non-crystal,non-crystal
2_4585,non-crystal,non-crystal
2_4771,non-crystal,non-crystal
2_4868,non-crystal,challenging-crystal
2_4903,non-crystal,non-crystal
2_4982,non-crystal,non-crystal
2_4983,non-crystal,non-crystal
2_5025,non-crystal,non-crystal
2_5026,non-crystal,non-crystal
2_5071,non-crystal,non-crystal
2_5195,non-crystal,non-crystal
2_5453,non-crystal,non-crystal
2_5511,non-crystal,non-crystal
2_5682,non-crystal,non-crystal
2_5759,non-crystal,non-crystal
2_5817,non-crystal,non-crystal
2_5819,non-crystal,non-crystal
2_5884,non-crystal,non-crystal
2_5907,non-crystal,non-crystal
2_5978,non-crystal,non-crystal
2_6001,non-crystal,non-crystal
2_6067,non-crystal,non-crystal
2_6233,non-crystal,non-crystal
2_6328,non-crystal,non-crystal
2_6371,non-crystal,non-crystal
2_6379,non-crystal,non-crystal
2_6445,non-crystal,non-crystal
2_6453,non-crystal,non-crystal
2_6462,non-crystal,non-crystal
2_6533,non-crystal,non-crystal
2_6804,non-crystal,non-crystal
2_691,non-crystal,non-crystal
2_72,non-crystal,non-crystal
2_773,non-crystal,non-crystal
2_822,non-crystal,non-crystal
2_840,non-crystal,non-crystal
2_860,non-crystal,non-crystal
2_932,non-crystal,non-crystal
1_100,challenging-crystal,crystal
1_1027,challenging-crystal,non-crystal
1_1086,challenging-crystal,non-crystal
1_1159,challenging-crystal,challenging-crystal
1_1183,challenging-crystal,non-crystal
1_1224,challenging-crystal,challenging-crystal
1_1288,challenging-crystal,non-crystal
1_129,challenging-crystal,crystal
1_132,challenging-crystal,crystal
1_1360,challenging-crystal,challenging-crystal
1_1380,challenging-crystal,non-crystal
1_1489,challenging-crystal,challenging-crystal
1_1521,challenging-crystal,crystal
1_164,challenging-crystal,challenging-crystal
1_1652,challenging-crystal,crystal
1_1683,challenging-crystal,challenging-crystal
1_1713,challenging-crystal,crystal
1_171,challenging-crystal,challenging-crystal
1_172,challenging-crystal,non-crystal
1_1761,challenging-crystal,challenging-crystal
1_1779,challenging-crystal,crystal
1_1956,challenging-crystal,challenging-crystal
1_1957,challenging-crystal,challenging-crystal
1_2033,challenging-crystal,challenging-crystal
1_2133,challenging-crystal,challenging-crystal
1_2161,challenging-crystal,crystal
1_2187,challenging-crystal,challenging-crystal
1_2234,challenging-crystal,crystal
1_2235,challenging-crystal,crystal
1_2271,challenging-crystal,challenging-crystal
1_2278,challenging-crystal,challenging-crystal
1_2300,challenging-crystal,crystal
1_2323,challenging-crystal,crystal
1_2382,challenging-crystal,crystal
1_2418,challenging-crystal,crystal
1_2436,challenging-crystal,crystal
1_2488,challenging-crystal,non-crystal
1_2511,challenging-crystal,crystal
1_2519,challenging-crystal,crystal
1_2555,challenging-crystal,challenging-crystal
1_2558,challenging-crystal,challenging-crystal
1_2591,challenging-crystal,challenging-crystal
1_2637,challenging-crystal,crystal
1_2670,challenging-crystal,challenging-crystal
1_2727,challenging-crystal,challenging-crystal
1_2728,challenging-crystal,challenging-crystal
1_281,challenging-crystal,challenging-crystal
1_2847,challenging-crystal,crystal
1_2933,challenging-crystal,crystal
1_2959,challenging-crystal,challenging-crystal
1_295,challenging-crystal,challenging-crystal
1_2971,challenging-crystal,non-crystal
1_3033,challenging-crystal,crystal
1_3061,challenging-crystal,crystal
1_3075,challenging-crystal,crystal
1_3081,challenging-crystal,crystal
1_3109,challenging-crystal,challenging-crystal
1_3117,challenging-crystal,challenging-crystal
1_3136,challenging-crystal,challenging-crystal
1_3138,challenging-crystal,challenging-crystal
1_3191,challenging-crystal,crystal
1_3305,challenging-crystal,challenging-crystal
1_3360,challenging-crystal,non-crystal
1_3386,challenging-crystal,crystal
1_3396,challenging-crystal,challenging-crystal
1_3411,challenging-crystal,challenging-crystal
1_3438,challenging-crystal,challenging-crystal
1_3485,challenging-crystal,crystal
1_3579,challenging-crystal,crystal
1_3584,challenging-crystal,crystal
1_3623,challenging-crystal,challenging-crystal
1_3627,challenging-crystal,crystal
1_3634,challenging-crystal,challenging-crystal
1_3680,challenging-crystal,crystal
1_3724,challenging-crystal,crystal
1_3733,challenging-crystal,crystal
1_3756,challenging-crystal,non-crystal
1_377,challenging-crystal,challenging-crystal
1_3859,challenging-crystal,challenging-crystal
1_3895,challenging-crystal,challenging-crystal
1_390,challenging-crystal,challenging-crystal
1_3960,challenging-crystal,challenging-crystal
1_4032,challenging-crystal,non-crystal
1_4116,challenging-crystal,non-crystal
1_4128,challenging-crystal,non-crystal
1_417,challenging-crystal,non-crystal
1_4186,challenging-crystal,challenging-crystal
1_4202,challenging-crystal,crystal
1_4213,challenging-crystal,challenging-crystal
1_4214,challenging-crystal,challenging-crystal
1_4269,challenging-crystal,non-crystal
1_4429,challenging-crystal,challenging-crystal
1_4472,challenging-crystal,challenging-crystal
1_4476,challenging-crystal,non-crystal
1_4489,challenging-crystal,non-crystal
1_4536,challenging-crystal,challenging-crystal
1_4555,challenging-crystal,challenging-crystal
1_4579,challenging-crystal,non-crystal
1_4617,challenging-crystal,challenging-crystal
1_4622,challenging-crystal,challenging-crystal
1_4638,challenging-crystal,crystal
1_4708,challenging-crystal,crystal
1_4713,challenging-crystal,crystal
1_4748,challenging-crystal,challenging-crystal
1_4787,challenging-crystal,challenging-crystal
1_4848,challenging-crystal,crystal
1_4864,challenging-crystal,crystal
1_4869,challenging-crystal,crystal
1_4905,challenging-crystal,challenging-crystal
1_4907,challenging-crystal,crystal
1_4928,challenging-crystal,challenging-crystal
1_4934,challenging-crystal,challenging-crystal
1_4956,challenging-crystal,crystal
1_4968,challenging-crystal,crystal
1_501,challenging-crystal,challenging-crystal
1_5032,challenging-crystal,crystal
1_5043,challenging-crystal,challenging-crystal
1_5074,challenging-crystal,challenging-crystal
1_5139,challenging-crystal,crystal
1_5148,challenging-crystal,challenging-crystal
1_5153,challenging-crystal,challenging-crystal
1_5165,challenging-crystal,crystal
1_5204,challenging-crystal,challenging-crystal
1_5245,challenging-crystal,crystal
1_5266,challenging-crystal,crystal
1_5276,challenging-crystal,challenging-crystal
1_5322,challenging-crystal,challenging-crystal
1_5326,challenging-crystal,challenging-crystal
1_5328,challenging-crystal,challenging-crystal
1_5351,challenging-crystal,challenging-crystal
1_5363,challenging-crystal,crystal
1_5386,challenging-crystal,challenging-crystal
1_5389,challenging-crystal,challenging-crystal
1_5408,challenging-crystal,crystal
1_5428,challenging-crystal,crystal
1_5481,challenging-crystal,challenging-crystal
1_5529,challenging-crystal,crystal
1_5535,challenging-crystal,crystal
1_5567,challenging-crystal,challenging-crystal
1_5581,challenging-crystal,crystal
1_5604,challenging-crystal,crystal
1_5618,challenging-crystal,crystal
1_561,challenging-crystal,challenging-crystal
1_5632,challenging-crystal,crystal
1_5664,challenging-crystal,challenging-crystal
1_5688,challenging-crystal,crystal
1_5700,challenging-crystal,challenging-crystal
1_5713,challenging-crystal,crystal
1_5726,challenging-crystal,crystal
1_5741,challenging-crystal,challenging-crystal
1_5761,challenging-crystal,crystal
1_5776,challenging-crystal,challenging-crystal
1_5779,challenging-crystal,challenging-crystal
1_5788,challenging-crystal,challenging-crystal
1_5798,challenging-crystal,crystal
1_5802,challenging-crystal,challenging-crystal
1_5817,challenging-crystal,crystal
1_5830,challenging-crystal,challenging-crystal
1_5845,challenging-crystal,challenging-crystal
1_5862,challenging-crystal,non-crystal
1_5875,challenging-crystal,crystal
1_5881,challenging-crystal,challenging-crystal
1_5890,challenging-crystal,crystal
1_5904,challenging-crystal,crystal
1_5907,challenging-crystal,crystal
1_6043,challenging-crystal,challenging-crystal
1_6066,challenging-crystal,challenging-crystal
1_607,challenging-crystal,challenging-crystal
1_6145,challenging-crystal,crystal
1_6153,challenging-crystal,challenging-crystal
1_6174,challenging-crystal,challenging-crystal
1_6243,challenging-crystal,challenging-crystal
1_6254,challenging-crystal,challenging-crystal
1_6277,challenging-crystal,crystal
1_6301,challenging-crystal,challenging-crystal
1_6343,challenging-crystal,crystal
1_6361,challenging-crystal,challenging-crystal
1_6383,challenging-crystal,challenging-crystal
1_6400,challenging-crystal,crystal
1_6407,challenging-crystal,crystal
1_6414,challenging-crystal,challenging-crystal
1_6429,challenging-crystal,crystal
1_6452,challenging-crystal,crystal
1_6463,challenging-crystal,challenging-crystal
1_6474,challenging-crystal,crystal
1_6504,challenging-crystal,challenging-crystal
1_6524,challenging-crystal,challenging-crystal
1_6558,challenging-crystal,challenging-crystal
1_6590,challenging-crystal,challenging-crystal
1_6591,challenging-crystal,non-crystal
1_6592,challenging-crystal,challenging-crystal
1_6609,challenging-crystal,challenging-crystal
1_6613,challenging-crystal,crystal
1_6616,challenging-crystal,challenging-crystal
1_6620,challenging-crystal,crystal
1_6639,challenging-crystal,challenging-crystal
1_6685,challenging-crystal,challenging-crystal
1_6692,challenging-crystal,challenging-crystal
1_6699,challenging-crystal,crystal
1_6722,challenging-crystal,challenging-crystal
1_6742,challenging-crystal,crystal
1_6761,challenging-crystal,challenging-crystal
1_6785,challenging-crystal,crystal
1_6794,challenging-crystal,challenging-crystal
1_6800,challenging-crystal,challenging-crystal
1_6815,challenging-crystal,challenging-crystal
1_6829,challenging-crystal,crystal
1_683,challenging-crystal,challenging-crystal
1_721,challenging-crystal,challenging-crystal
1_73,challenging-crystal,challenging-crystal
1_814,challenging-crystal,challenging-crystal
1_822,challenging-crystal,challenging-crystal
1_828,challenging-crystal,challenging-crystal
1_833,challenging-crystal,challenging-crystal
1_887,challenging-crystal,challenging-crystal
1_941,challenging-crystal,challenging-crystal
2_1024,challenging-crystal,challenging-crystal
2_1218,challenging-crystal,challenging-crystal
2_1306,challenging-crystal,crystal
2_2274,challenging-crystal,non-crystal
2_2277,challenging-crystal,non-crystal
2_2367,challenging-crystal,challenging-crystal
2_2506,challenging-crystal,challenging-crystal
2_2523,challenging-crystal,challenging-crystal
2_2817,challenging-crystal,challenging-crystal
2_2915,challenging-crystal,non-crystal
2_3101,challenging-crystal,non-crystal
2_3678,challenging-crystal,non-crystal
2_3859,challenging-crystal,challenging-crystal
2_387,challenging-crystal,crystal
2_4026,challenging-crystal,challenging-crystal
2_4073,challenging-crystal,challenging-crystal
2_4865,challenging-crystal,challenging-crystal
2_4976,challenging-crystal,crystal
2_4999,challenging-crystal,challenging-crystal
2_5001,challenging-crystal,challenging-crystal
2_5211,challenging-crystal,non-crystal
2_5345,challenging-crystal,challenging-crystal
2_5353,challenging-crystal,challenging-crystal
2_5658,challenging-crystal,challenging-crystal
2_5899,challenging-crystal,non-crystal
2_6024,challenging-crystal,challenging-crystal
2_6246,challenging-crystal,crystal
2_6308,challenging-crystal,challenging-crystal
2_6517,challenging-crystal,challenging-crystal
2_654,challenging-crystal,challenging-crystal
2_6668,challenging-crystal,challenging-crystal
2_6816,challenging-crystal,challenging-crystal
2_759,challenging-crystal,challenging-crystal
1_1004,crystal,crystal
1_1090,crystal,challenging-crystal
1_1112,crystal,challenging-crystal
1_1231,crystal,challenging-crystal
1_1249,crystal,challenging-crystal
1_1275,crystal,challenging-crystal
1_1461,crystal,crystal
1_1474,crystal,crystal
1_1483,crystal,challenging-crystal
1_1502,crystal,crystal
1_1556,crystal,crystal
1_159,crystal,crystal
1_1616,crystal,challenging-crystal
1_1728,crystal,challenging-crystal
1_1770,crystal,crystal
1_1821,crystal,challenging-crystal
1_1824,crystal,crystal
1_1832,crystal,crystal
1_1908,crystal,crystal
1_1910,crystal,crystal
1_1918,crystal,challenging-crystal
1_2053,crystal,challenging-crystal
1_2166,crystal,challenging-crystal
1_2195,crystal,challenging-crystal
1_2283,crystal,crystal
1_2291,crystal,challenging-crystal
1_2331,crystal,crystal
1_2544,crystal,crystal
1_2566,crystal,challenging-crystal
1_2656,crystal,challenging-crystal
1_2663,crystal,crystal
1_2710,crystal,crystal
1_2774,crystal,challenging-crystal
1_3042,crystal,crystal
1_3148,crystal,crystal
1_3174,crystal,crystal
1_3240,crystal,challenging-crystal
1_3339,crystal,crystal
1_3350,crystal,challenging-crystal
1_349,crystal,crystal
1_3536,crystal,challenging-crystal
1_3651,crystal,crystal
1_3673,crystal,crystal
1_3690,crystal,crystal
1_375,crystal,challenging-crystal
1_3849,crystal,crystal
1_3860,crystal,challenging-crystal
1_3874,crystal,crystal
1_3882,crystal,challenging-crystal
1_3885,crystal,challenging-crystal
1_3888,crystal,challenging-crystal
1_3894,crystal,crystal
1_3906,crystal,challenging-crystal
1_3919,crystal,crystal
1_3956,crystal,challenging-crystal
1_3974,crystal,crystal
1_4030,crystal,challenging-crystal
1_4034,crystal,challenging-crystal
1_4045,crystal,challenging-crystal
1_4054,crystal,challenging-crystal
1_4100,crystal,challenging-crystal
1_4107,crystal,challenging-crystal
1_4115,crystal,challenging-crystal
1_4147,crystal,crystal
1_414,crystal,crystal
1_4156,crystal,challenging-crystal
1_4187,crystal,challenging-crystal
1_4195,crystal,challenging-crystal
1_4198,crystal,challenging-crystal
1_4205,crystal,crystal
1_4206,crystal,challenging-crystal
1_4211,crystal,challenging-crystal
1_4220,crystal,crystal
1_4236,crystal,challenging-crystal
1_4270,crystal,challenging-crystal
1_4271,crystal,challenging-crystal
1_4281,crystal,challenging-crystal
1_4292,crystal,challenging-crystal
1_4304,crystal,challenging-crystal
1_4314,crystal,challenging-crystal
1_4345,crystal,challenging-crystal
1_4366,crystal,challenging-crystal
1_4479,crystal,challenging-crystal
1_4484,crystal,challenging-crystal
1_4505,crystal,crystal
1_4511,crystal,crystal
1_462,crystal,crystal
1_4630,crystal,crystal
1_463,crystal,crystal
1_4665,crystal,challenging-crystal
1_4789,crystal,crystal
1_4812,crystal,crystal
1_492,crystal,crystal
1_4953,crystal,crystal
1_5102,crystal,crystal
1_515,crystal,challenging-crystal
1_5229,crystal,crystal
1_5545,crystal,crystal
1_554,crystal,challenging-crystal
1_5754,crystal,crystal
1_5767,crystal,crystal
1_6136,crystal,crystal
1_6377,crystal,crystal
1_6563,crystal,challenging-crystal
1_6824,crystal,challenging-crystal
1_695,crystal,crystal
1_712,crystal,crystal
1_752,crystal,challenging-crystal
1_757,crystal,challenging-crystal
1_767,crystal,challenging-crystal
1_930,crystal,challenging-crystal
1_949,crystal,challenging-crystal
2_1728,crystal,challenging-crystal
2_1759,crystal,crystal
2_5698,crystal,challenging-crystal
2_5702,crystal,crystal
2_5800,crystal,challenging-crystal
2_5920,crystal,challenging-crystal
2_788,crystal,crystal
1_1072,non-crystal,non-crystal
1_1120,non-crystal,non-crystal
1_1138,non-crystal,non-crystal
1_1174,non-crystal,non-crystal
1_1176,non-crystal,non-crystal
1_1181,non-crystal,non-crystal
1_1188,non-crystal,non-crystal
1_1194,non-crystal,non-crystal
1_1262,non-crystal,non-crystal
1_130,non-crystal,challenging-crystal
1_137,non-crystal,non-crystal
1_1448,non-crystal,challenging-crystal
1_1620,non-crystal,challenging-crystal
1_1631,non-crystal,non-crystal
1_1697,non-crystal,non-crystal
1_1834,non-crystal,non-crystal
1_1844,non-crystal,non-crystal
1_1849,non-crystal,non-crystal
1_189,non-crystal,non-crystal
1_1921,non-crystal,challenging-crystal
1_1928,non-crystal,challenging-crystal
1_1987,non-crystal,non-crystal
1_1988,non-crystal,non-crystal
1_19,non-crystal,challenging-crystal
1_2001,non-crystal,non-crystal
1_2086,non-crystal,non-crystal
1_2124,non-crystal,non-crystal
1_212,non-crystal,non-crystal
1_2203,non-crystal,non-crystal
1_2206,non-crystal,non-crystal
1_2219,non-crystal,non-crystal
1_2267,non-crystal,non-crystal
1_230,non-crystal,non-crystal
1_2337,non-crystal,non-crystal
1_2364,non-crystal,non-crystal
1_2430,non-crystal,challenging-crystal
1_2527,non-crystal,non-crystal
1_2534,non-crystal,non-crystal
1_2547,non-crystal,non-crystal
1_2560,non-crystal,non-crystal
1_2579,non-crystal,non-crystal
1_2678,non-crystal,non-crystal
1_2681,non-crystal,non-crystal
1_2907,non-crystal,challenging-crystal
1_2954,non-crystal,non-crystal
1_3034,non-crystal,non-crystal
1_3125,non-crystal,non-crystal
1_3145,non-crystal,non-crystal
1_324,non-crystal,non-crystal
1_3265,non-crystal,challenging-crystal
1_3266,non-crystal,non-crystal
1_3294,non-crystal,non-crystal
1_3337,non-crystal,challenging-crystal
1_3412,non-crystal,non-crystal
1_3431,non-crystal,non-crystal
1_3470,non-crystal,non-crystal
1_3490,non-crystal,non-crystal
1_3507,non-crystal,non-crystal
1_3539,non-crystal,non-crystal
1_3552,non-crystal,non-crystal
1_3565,non-crystal,crystal
1_3571,non-crystal,crystal
1_3608,non-crystal,crystal
1_3663,non-crystal,non-crystal
1_3672,non-crystal,non-crystal
1_3753,non-crystal,crystal
1_3962,non-crystal,non-crystal
1_4088,non-crystal,non-crystal
1_4101,non-crystal,non-crystal
1_429,non-crystal,challenging-crystal
1_4492,non-crystal,non-crystal
1_4581,non-crystal,crystal
1_4583,non-crystal,crystal
1_4613,non-crystal,non-crystal
1_4750,non-crystal,challenging-crystal
1_4762,non-crystal,non-crystal
1_4770,non-crystal,non-crystal
1_4774,non-crystal,non-crystal
1_4840,non-crystal,challenging-crystal
1_4876,non-crystal,non-crystal
1_4895,non-crystal,non-crystal
1_4913,non-crystal,non-crystal
1_4924,non-crystal,non-crystal
1_4967,non-crystal,non-crystal
1_4974,non-crystal,non-crystal
1_5002,non-crystal,non-crystal
1_5009,non-crystal,non-crystal
1_5186,non-crystal,challenging-crystal
1_523,non-crystal,non-crystal
1_5286,non-crystal,non-crystal
1_5376,non-crystal,non-crystal
1_5381,non-crystal,non-crystal
1_5397,non-crystal,challenging-crystal
1_5435,non-crystal,challenging-crystal
1_5440,non-crystal,non-crystal
1_5451,non-crystal,non-crystal
1_5601,non-crystal,non-crystal
1_5608,non-crystal,non-crystal
1_5698,non-crystal,non-crystal
1_5763,non-crystal,non-crystal
1_5765,non-crystal,non-crystal
1_5815,non-crystal,non-crystal
1_5851,non-crystal,challenging-crystal
1_5879,non-crystal,non-crystal
1_589,non-crystal,non-crystal
1_5918,non-crystal,non-crystal
1_5921,non-crystal,non-crystal
1_5927,non-crystal,non-crystal
1_5938,non-crystal,non-crystal
1_5969,non-crystal,non-crystal
1_6050,non-crystal,challenging-crystal
1_6090,non-crystal,non-crystal
1_6129,non-crystal,challenging-crystal
1_6161,non-crystal,challenging-crystal
1_616,non-crystal,non-crystal
1_6170,non-crystal,challenging-crystal
1_6187,non-crystal,non-crystal
1_618,non-crystal,non-crystal
1_6191,non-crystal,non-crystal
1_6197,non-crystal,non-crystal
1_6217,non-crystal,non-crystal
1_630,non-crystal,non-crystal
1_6352,non-crystal,non-crystal
1_6373,non-crystal,non-crystal
1_6413,non-crystal,non-crystal
1_6508,non-crystal,non-crystal
1_6522,non-crystal,non-crystal
1_652,non-crystal,non-crystal
1_6652,non-crystal,non-crystal
1_6674,non-crystal,non-crystal
1_6725,non-crystal,non-crystal
1_6729,non-crystal,non-crystal
1_6735,non-crystal,challenging-crystal
1_673,non-crystal,non-crystal
1_6790,non-crystal,non-crystal
1_6818,non-crystal,challenging-crystal
1_6825,non-crystal,non-crystal
1_811,non-crystal,non-crystal
1_854,non-crystal,non-crystal
1_855,non-crystal,non-crystal
1_868,non-crystal,non-crystal
1_888,non-crystal,non-crystal
1_958,non-crystal,non-crystal
1_99,non-crystal,non-crystal
2_1038,non-crystal,non-crystal
2_103,non-crystal,non-crystal
2_1087,non-crystal,non-crystal
2_109,non-crystal,non-crystal
2_1137,non-crystal,non-crystal
2_1144,non-crystal,non-crystal
2_1197,non-crystal,non-crystal
2_1312,non-crystal,non-crystal
2_1346,non-crystal,non-crystal
2_1372,non-crystal,non-crystal
2_1394,non-crystal,non-crystal
2_1446,non-crystal,non-crystal
2_1449,non-crystal,non-crystal
2_1452,non-crystal,non-crystal
2_1461,non-crystal,non-crystal
2_1497,non-crystal,non-crystal
2_1498,non-crystal,non-crystal
2_1499,non-crystal,non-crystal
2_14,non-crystal,non-crystal
2_151,non-crystal,non-crystal
2_1548,non-crystal,non-crystal
2_1551,non-crystal,non-crystal
2_155,non-crystal,non-crystal
2_1560,non-crystal,non-crystal
2_1598,non-crystal,non-crystal
2_161,non-crystal,non-crystal
2_162,non-crystal,non-crystal
2_1649,non-crystal,non-crystal
2_164,non-crystal,non-crystal
2_1669,non-crystal,non-crystal
2_1676,non-crystal,non-crystal
2_1754,non-crystal,non-crystal
2_1797,non-crystal,non-crystal
2_17,non-crystal,non-crystal
2_1806,non-crystal,non-crystal
2_1814,non-crystal,non-crystal
2_1837,non-crystal,non-crystal
2_1873,non-crystal,challenging-crystal
2_2021,non-crystal,non-crystal
2_2085,non-crystal,non-crystal
2_2099,non-crystal,non-crystal
2_209,non-crystal,non-crystal
2_2136,non-crystal,non-crystal
2_2147,non-crystal,non-crystal
2_2157,non-crystal,non-crystal
2_2161,non-crystal,non-crystal
2_2166,non-crystal,non-crystal
2_2173,non-crystal,non-crystal
2_2302,non-crystal,non-crystal
2_2307,non-crystal,non-crystal
2_2345,non-crystal,non-crystal
2_2399,non-crystal,non-crystal
2_2413,non-crystal,non-crystal
2_2431,non-crystal,non-crystal
2_2453,non-crystal,non-crystal
2_2470,non-crystal,non-crystal
2_2473,non-crystal,non-crystal
2_2481,non-crystal,non-crystal
2_2483,non-crystal,non-crystal
2_2527,non-crystal,non-crystal
2_2566,non-crystal,non-crystal
2_2593,non-crystal,non-crystal
2_2629,non-crystal,non-crystal
2_2673,non-crystal,non-crystal
2_2692,non-crystal,non-crystal
2_2724,non-crystal,non-crystal
2_2747,non-crystal,non-crystal
2_2748,non-crystal,non-crystal
2_274,non-crystal,non-crystal
2_2826,non-crystal,non-crystal
2_2866,non-crystal,non-crystal
2_2913,non-crystal,non-crystal
2_291,non-crystal,non-crystal
2_2931,non-crystal,non-crystal
2_293,non-crystal,non-crystal
2_295,non-crystal,non-crystal
2_3051,non-crystal,non-crystal
2_3119,non-crystal,non-crystal
2_3136,non-crystal,non-crystal
2_3227,non-crystal,non-crystal
2_3282,non-crystal,non-crystal
2_3306,non-crystal,non-crystal
2_3323,non-crystal,non-crystal
2_335,non-crystal,non-crystal
2_3378,non-crystal,non-crystal
2_3380,non-crystal,non-crystal
2_3401,non-crystal,non-crystal
2_3444,non-crystal,non-crystal
2_3450,non-crystal,non-crystal
2_3499,non-crystal,non-crystal
2_3500,non-crystal,non-crystal
2_3522,non-crystal,non-crystal
2_3565,non-crystal,non-crystal
2_3574,non-crystal,non-crystal
2_3593,non-crystal,non-crystal
2_3597,non-crystal,non-crystal
2_35,non-crystal,non-crystal
2_3608,non-crystal,non-crystal
2_361,non-crystal,non-crystal
2_3622,non-crystal,challenging-crystal
2_3667,non-crystal,non-crystal
2_3678,non-crystal,non-crystal
2_3693,non-crystal,non-crystal
2_3708,non-crystal,non-crystal
2_3715,non-crystal,non-crystal
2_3726,non-crystal,non-crystal
2_3734,non-crystal,non-crystal
2_3768,non-crystal,non-crystal
2_3775,non-crystal,non-crystal
2_3857,non-crystal,non-crystal
2_3862,non-crystal,non-crystal
2_3874,non-crystal,non-crystal
2_3904,non-crystal,non-crystal
2_3976,non-crystal,non-crystal
2_3986,non-crystal,non-crystal
2_399,non-crystal,non-crystal
2_401,non-crystal,non-crystal
2_4058,non-crystal,non-crystal
2_4063,non-crystal,non-crystal
2_4073,non-crystal,challenging-crystal
2_4076,non-crystal,non-crystal
2_4119,non-crystal,non-crystal
2_4123,non-crystal,non-crystal
2_4217,non-crystal,non-crystal
2_4269,non-crystal,non-crystal
2_4333,non-crystal,challenging-crystal
2_434,non-crystal,challenging-crystal
2_4374,non-crystal,non-crystal
2_4399,non-crystal,non-crystal
2_445,non-crystal,non-crystal
2_4463,non-crystal,non-crystal
2_4469,non-crystal,non-crystal
2_4535,non-crystal,non-crystal
2_461,non-crystal,non-crystal
2_4667,non-crystal,non-crystal
2_4693,non-crystal,non-crystal
2_4694,non-crystal,non-crystal
2_4766,non-crystal,non-crystal
2_4816,non-crystal,non-crystal
2_4824,non-crystal,non-crystal
2_4850,non-crystal,non-crystal
2_4868,non-crystal,challenging-crystal
2_486,non-crystal,non-crystal
2_4904,non-crystal,non-crystal
2_4910,non-crystal,non-crystal
2_4946,non-crystal,non-crystal
2_4986,non-crystal,non-crystal
2_5000,non-crystal,non-crystal
2_5014,non-crystal,non-crystal
2_5029,non-crystal,non-crystal
2_5032,non-crystal,non-crystal
2_5094,non-crystal,non-crystal
2_5114,non-crystal,non-crystal
2_515,non-crystal,non-crystal
2_5224,non-crystal,non-crystal
2_529,non-crystal,non-crystal
2_5306,non-crystal,non-crystal
2_5315,non-crystal,non-crystal
2_5443,non-crystal,non-crystal
2_5453,non-crystal,non-crystal
2_5485,non-crystal,non-crystal
2_5493,non-crystal,non-crystal
2_5520,non-crystal,non-crystal
2_5546,non-crystal,non-crystal
2_5631,non-crystal,non-crystal
2_5679,non-crystal,non-crystal
2_5728,non-crystal,non-crystal
2_5759,non-crystal,non-crystal
2_5789,non-crystal,non-crystal
2_5809,non-crystal,non-crystal
2_5817,non-crystal,non-crystal
2_5823,non-crystal,non-crystal
2_5851,non-crystal,non-crystal
2_5855,non-crystal,non-crystal
2_5892,non-crystal,non-crystal
2_5943,non-crystal,non-crystal
2_5946,non-crystal,non-crystal
2_5955,non-crystal,non-crystal
2_5967,non-crystal,non-crystal
2_6001,non-crystal,non-crystal
2_6018,non-crystal,non-crystal
2_6084,non-crystal,non-crystal
2_6085,non-crystal,non-crystal
2_6117,non-crystal,non-crystal
2_6144,non-crystal,non-crystal
2_6157,non-crystal,non-crystal
2_6158,non-crystal,challenging-crystal
2_6161,non-crystal,non-crystal
2_616,non-crystal,non-crystal
2_6185,non-crystal,non-crystal
2_6199,non-crystal,challenging-crystal
2_621,non-crystal,non-crystal
2_6243,non-crystal,non-crystal
2_6371,non-crystal,non-crystal
2_6379,non-crystal,non-crystal
2_6391,non-crystal,non-crystal
2_6452,non-crystal,non-crystal
2_6453,non-crystal,non-crystal
2_6462,non-crystal,non-crystal
2_6463,non-crystal,non-crystal
2_6478,non-crystal,non-crystal
2_6543,non-crystal,non-crystal
2_6572,non-crystal,non-crystal
2_6574,non-crystal,non-crystal
2_6595,non-crystal,non-crystal
2_65,non-crystal,non-crystal
2_6734,non-crystal,non-crystal
2_6811,non-crystal,non-crystal
2_6826,non-crystal,non-crystal
2_6861,non-crystal,non-crystal
2_6872,non-crystal,non-crystal
2_691,non-crystal,non-crystal
2_72,non-crystal,non-crystal
2_773,non-crystal,non-crystal
2_821,non-crystal,non-crystal
2_822,non-crystal,non-crystal
2_824,non-crystal,non-crystal
2_835,non-crystal,non-crystal
2_869,non-crystal,non-crystal
2_903,non-crystal,non-crystal
2_90,non-crystal,non-crystal
2_932,non-crystal,non-crystal
2_963,non-crystal,non-crystal
2_965,non-crystal,non-crystal
1_1102,crystal,challenging-crystal
1_111,crystal,challenging-crystal
1_1142,crystal,challenging-crystal
1_1177,crystal,challenging-crystal
1_1229,crystal,crystal
1_1328,crystal,challenging-crystal
1_1450,crystal,crystal
1_171,crystal,challenging-crystal
1_1719,crystal,non-crystal
1_1817,crystal,crystal
1_1875,crystal,challenging-crystal
1_1979,crystal,challenging-crystal
1_2240,crystal,challenging-crystal
1_2280,crystal,challenging-crystal
1_2289,crystal,crystal
1_2293,crystal,crystal
1_2520,crystal,challenging-crystal
1_2548,crystal,non-crystal
1_2743,crystal,challenging-crystal
1_2782,crystal,non-crystal
1_281,crystal,challenging-crystal
1_2881,crystal,challenging-crystal
1_29,crystal,challenging-crystal
1_2913,crystal,non-crystal
1_3055,crystal,challenging-crystal
1_3067,crystal,challenging-crystal
1_3086,crystal,crystal
1_3123,crystal,challenging-crystal
1_3178,crystal,crystal
1_3192,crystal,challenging-crystal
1_3223,crystal,challenging-crystal
1_3227,crystal,challenging-crystal
1_3280,crystal,challenging-crystal
1_3288,crystal,challenging-crystal
1_3348,crystal,challenging-crystal
1_3438,crystal,challenging-crystal
1_3481,crystal,challenging-crystal
1_3523,crystal,crystal
1_3526,crystal,challenging-crystal
1_3589,crystal,challenging-crystal
1_3607,crystal,non-crystal
1_3628,crystal,challenging-crystal
1_3644,crystal,challenging-crystal
1_3696,crystal,challenging-crystal
1_3759,crystal,challenging-crystal
1_3790,crystal,challenging-crystal
1_384,crystal,challenging-crystal
1_3846,crystal,challenging-crystal
1_3881,crystal,crystal
1_3894,crystal,crystal
1_3905,crystal,non-crystal
1_3914,crystal,non-crystal
1_3950,crystal,crystal
1_3956,crystal,challenging-crystal
1_3992,crystal,non-crystal
1_4072,crystal,challenging-crystal
1_4110,crystal,challenging-crystal
1_4205,crystal,crystal
1_427,crystal,non-crystal
1_4275,crystal,challenging-crystal
1_4365,crystal,crystal
1_4378,crystal,crystal
1_4394,crystal,challenging-crystal
1_4402,crystal,challenging-crystal
1_4410,crystal,non-crystal
1_4736,crystal,challenging-crystal
1_5040,crystal,non-crystal
1_5177,crystal,challenging-crystal
1_5432,crystal,challenging-crystal
1_5442,crystal,challenging-crystal
1_5447,crystal,challenging-crystal
1_5452,crystal,crystal
1_5717,crystal,crystal
1_5850,crystal,challenging-crystal
1_5959,crystal,non-crystal
1_6096,crystal,challenging-crystal
1_6118,crystal,challenging-crystal
1_6253,crystal,crystal
1_6285,crystal,challenging-crystal
1_6404,crystal,non-crystal
1_6498,crystal,challenging-crystal
1_6636,crystal,challenging-crystal
1_6651,crystal,crystal
1_6752,crystal,challenging-crystal
1_6850,crystal,challenging-crystal
1_845,crystal,challenging-crystal
1_850,crystal,non-crystal
2_1096,crystal,challenging-crystal
2_1423,crystal,challenging-crystal
2_1951,crystal,non-crystal
2_2603,crystal,challenging-crystal
2_2842,crystal,challenging-crystal
2_3482,crystal,challenging-crystal
2_4146,crystal,crystal
2_4429,crystal,challenging-crystal
2_4576,crystal,crystal
2_5211,crystal,non-crystal
2_5347,crystal,non-crystal
2_5353,crystal,challenging-crystal
2_5429,crystal,challenging-crystal
2_6325,crystal,challenging-crystal
2_6388,crystal,non-crystal
1_1283,non-crystal,challenging-crystal
1_166,non-crystal,challenging-crystal
1_1772,non-crystal,non-crystal
1_1781,non-crystal,non-crystal
1_1905,non-crystal,non-crystal
1_2309,non-crystal,challenging-crystal
1_2347,non-crystal,crystal
1_2522,non-crystal,non-crystal
1_2580,non-crystal,non-crystal
1_2642,non-crystal,challenging-crystal
1_2649,non-crystal,non-crystal
1_2731,non-crystal,non-crystal
1_2930,non-crystal,non-crystal
1_3011,non-crystal,non-crystal
1_3040,non-crystal,non-crystal
1_3261,non-crystal,challenging-crystal
1_3388,non-crystal,challenging-crystal
1_3393,non-crystal,non-crystal
1_3478,non-crystal,non-crystal
1_3590,non-crystal,non-crystal
1_4250,non-crystal,non-crystal
1_4643,non-crystal,challenging-crystal
1_4659,non-crystal,challenging-crystal
1_4900,non-crystal,challenging-crystal
1_4901,non-crystal,non-crystal
1_4926,non-crystal,non-crystal
1_4982,non-crystal,non-crystal
1_4991,non-crystal,challenging-crystal
1_5049,non-crystal,non-crystal
1_5157,non-crystal,challenging-crystal
1_5460,non-crystal,challenging-crystal
1_5663,non-crystal,non-crystal
1_572,non-crystal,non-crystal
1_5832,non-crystal,non-crystal
1_5900,non-crystal,non-crystal
1_6083,non-crystal,non-crystal
1_6272,non-crystal,challenging-crystal
1_6278,non-crystal,non-crystal
1_6289,non-crystal,non-crystal
1_6393,non-crystal,challenging-crystal
1_6411,non-crystal,non-crystal
1_6503,non-crystal,non-crystal
1_6675,non-crystal,challenging-crystal
1_6764,non-crystal,non-crystal
1_732,non-crystal,challenging-crystal
1_787,non-crystal,non-crystal
1_836,non-crystal,non-crystal
1_928,non-crystal,challenging-crystal
2_1018,non-crystal,non-crystal
2_1159,non-crystal,non-crystal
2_1170,non-crystal,non-crystal
2_1213,non-crystal,non-crystal
2_1219,non-crystal,non-crystal
2_1223,non-crystal,non-crystal
2_1285,non-crystal,challenging-crystal
2_140,non-crystal,non-crystal
2_1450,non-crystal,non-crystal
2_1572,non-crystal,non-crystal
2_1617,non-crystal,challenging-crystal
2_1657,non-crystal,non-crystal
2_181,non-crystal,non-crystal
2_1822,non-crystal,challenging-crystal
2_1839,non-crystal,non-crystal
2_1847,non-crystal,non-crystal
2_2020,non-crystal,non-crystal
2_2118,non-crystal,non-crystal
2_216,non-crystal,non-crystal
2_2202,non-crystal,challenging-crystal
2_2282,non-crystal,non-crystal
2_2299,non-crystal,non-crystal
2_2424,non-crystal,non-crystal
2_2756,non-crystal,non-crystal
2_2847,non-crystal,challenging-crystal
2_2870,non-crystal,non-crystal
2_2916,non-crystal,non-crystal
2_3426,non-crystal,non-crystal
2_3840,non-crystal,non-crystal
2_390,non-crystal,non-crystal
2_3916,non-crystal,non-crystal
2_3948,non-crystal,non-crystal
2_3949,non-crystal,non-crystal
2_3955,non-crystal,non-crystal
2_4172,non-crystal,non-crystal
2_4178,non-crystal,challenging-crystal
2_4208,non-crystal,challenging-crystal
2_4235,non-crystal,non-crystal
2_4287,non-crystal,non-crystal
2_4303,non-crystal,non-crystal
2_4346,non-crystal,non-crystal
2_4355,non-crystal,non-crystal
2_4381,non-crystal,non-crystal
2_4434,non-crystal,non-crystal
2_4692,non-crystal,non-crystal
2_4706,non-crystal,non-crystal
2_480,non-crystal,non-crystal
2_4954,non-crystal,non-crystal
2_4982,non-crystal,non-crystal
2_4983,non-crystal,non-crystal
2_5019,non-crystal,non-crystal
2_5025,non-crystal,non-crystal
2_5027,non-crystal,non-crystal
2_503,non-crystal,non-crystal
2_5071,non-crystal,non-crystal
2_5142,non-crystal,non-crystal
2_539,non-crystal,non-crystal
2_5406,non-crystal,challenging-crystal
2_5511,non-crystal,non-crystal
2_5627,non-crystal,non-crystal
2_568,non-crystal,non-crystal
2_5685,non-crystal,non-crystal
2_5801,non-crystal,non-crystal
2_6058,non-crystal,challenging-crystal
2_6134,non-crystal,non-crystal
2_6248,non-crystal,non-crystal
2_6290,non-crystal,challenging-crystal
2_6538,non-crystal,non-crystal
2_6546,non-crystal,non-crystal
2_6590,non-crystal,non-crystal
2_6677,non-crystal,non-crystal
2_6729,non-crystal,non-crystal
2_6735,non-crystal,non-crystal
2_676,non-crystal,non-crystal
2_6813,non-crystal,non-crystal
2_6817,non-crystal,non-crystal
2_761,non-crystal,non-crystal
2_762,non-crystal,non-crystal
2_860,non-crystal,non-crystal
2_861,non-crystal,non-crystal
1_101,crystal,crystal
1_1080,crystal,crystal
1_1085,crystal,challenging-crystal
1_1088,crystal,challenging-crystal
1_1114,crystal,crystal
1_1139,crystal,crystal
1_1163,crystal,challenging-crystal
1_1165,crystal,crystal
1_1184,crystal,challenging-crystal
1_1197,crystal,challenging-crystal
1_1206,crystal,challenging-crystal
1_1237,crystal,challenging-crystal
1_1246,crystal,challenging-crystal
1_1247,crystal,challenging-crystal
1_125,crystal,challenging-crystal
1_126,crystal,challenging-crystal
1_1271,crystal,challenging-crystal
1_1313,crystal,crystal
1_1358,crystal,crystal
1_1376,crystal,challenging-crystal
1_1401,crystal,crystal
1_1403,crystal,crystal
1_1407,crystal,crystal
1_1443,crystal,crystal
1_1447,crystal,crystal
1_1674,crystal,crystal
1_1685,crystal,challenging-crystal
1_1696,crystal,challenging-crystal
1_175,crystal,crystal
1_1789,crystal,crystal
1_1809,crystal,crystal
1_1848,crystal,crystal
1_1855,crystal,challenging-crystal
1_1855,crystal,challenging-crystal
1_1906,crystal,challenging-crystal
1_1906,crystal,challenging-crystal
1_1932,crystal,challenging-crystal
1_1932,crystal,challenging-crystal
1_1933,crystal,crystal
1_1933,crystal,crystal
1_1974,crystal,crystal
1_1974,crystal,crystal
1_2012,crystal,crystal
1_2023,crystal,crystal
1_2041,crystal,crystal
1_2048,crystal,challenging-crystal
1_2052,crystal,crystal
1_2060,crystal,challenging-crystal
1_2065,crystal,crystal
1_2105,crystal,crystal
1_2208,crystal,crystal
1_2263,crystal,crystal
1_2279,crystal,crystal
1_2282,crystal,challenging-crystal
1_231,crystal,challenging-crystal
1_2327,crystal,crystal
1_2341,crystal,crystal
1_2435,crystal,crystal
1_2454,crystal,crystal
1_2520,crystal,challenging-crystal
1_2554,crystal,challenging-crystal
1_2575,crystal,crystal
1_2601,crystal,crystal
1_2604,crystal,challenging-crystal
1_2669,crystal,crystal
1_2748,crystal,crystal
1_274,crystal,crystal
1_2776,crystal,crystal
1_2786,crystal,crystal
1_2795,crystal,crystal
1_2808,crystal,crystal
1_2821,crystal,challenging-crystal
1_289,crystal,challenging-crystal
1_2906,crystal,crystal
1_2934,crystal,challenging-crystal
1_3038,crystal,crystal
1_3041,crystal,crystal
1_3050,crystal,challenging-crystal
1_3135,crystal,challenging-crystal
1_3156,crystal,crystal
1_3164,crystal,challenging-crystal
1_3203,crystal,crystal
1_321,crystal,challenging-crystal
1_3220,crystal,crystal
1_3237,crystal,challenging-crystal
1_3244,crystal,challenging-crystal
1_3248,crystal,challenging-crystal
1_326,crystal,crystal
1_3296,crystal,crystal
1_3300,crystal,crystal
1_3301,crystal,crystal
1_3346,crystal,crystal
1_3383,crystal,crystal
1_3434,crystal,challenging-crystal
1_3450,crystal,challenging-crystal
1_3473,crystal,crystal
1_3480,crystal,crystal
1_3482,crystal,crystal
1_3556,crystal,crystal
1_3558,crystal,crystal
1_360,crystal,challenging-crystal
1_3619,crystal,crystal
1_362,crystal,crystal
1_3715,crystal,challenging-crystal
1_3745,crystal,crystal
1_3782,crystal,crystal
1_3793,crystal,crystal
1_382,crystal,challenging-crystal
1_3840,crystal,challenging-crystal
1_3845,crystal,crystal
1_3866,crystal,challenging-crystal
1_3869,crystal,challenging-crystal
1_3880,crystal,crystal
1_3900,crystal,challenging-crystal
1_3915,crystal,challenging-crystal
1_3916,crystal,challenging-crystal
1_3917,crystal,challenging-crystal
1_3920,crystal,crystal
1_3925,crystal,challenging-crystal
1_392,crystal,crystal
1_3934,crystal,challenging-crystal
1_3950,crystal,crystal
1_3975,crystal,crystal
1_3987,crystal,crystal
1_4007,crystal,crystal
1_4009,crystal,crystal
1_4033,crystal,non-crystal
1_405,crystal,challenging-crystal
1_4069,crystal,crystal
1_4081,crystal,challenging-crystal
1_4086,crystal,challenging-crystal
1_4106,crystal,challenging-crystal
1_4121,crystal,crystal
1_412,crystal,crystal
1_413,crystal,crystal
1_4170,crystal,challenging-crystal
1_4174,crystal,crystal
1_4224,crystal,challenging-crystal
1_4235,crystal,crystal
1_4244,crystal,crystal
1_4267,crystal,challenging-crystal
1_4306,crystal,challenging-crystal
1_4323,crystal,challenging-crystal
1_4362,crystal,crystal
1_4389,crystal,challenging-crystal
1_4398,crystal,crystal
1_4399,crystal,challenging-crystal
1_4419,crystal,challenging-crystal
1_4422,crystal,challenging-crystal
1_4449,crystal,challenging-crystal
1_4462,crystal,challenging-crystal
1_4468,crystal,crystal
1_4469,crystal,crystal
1_4530,crystal,crystal
1_459,crystal,challenging-crystal
1_4616,crystal,challenging-crystal
1_4672,crystal,challenging-crystal
1_4725,crystal,crystal
1_4727,crystal,crystal
1_4731,crystal,crystal
1_4785,crystal,crystal
1_4796,crystal,challenging-crystal
1_4807,crystal,crystal
1_480,crystal,crystal
1_4822,crystal,challenging-crystal
1_5015,crystal,crystal
1_5056,crystal,challenging-crystal
1_5107,crystal,challenging-crystal
1_511,crystal,crystal
1_512,crystal,crystal
1_52,crystal,crystal
1_5379,crystal,crystal
1_5411,crystal,challenging-crystal
1_5584,crystal,crystal
1_5593,crystal,crystal
1_5596,crystal,crystal
1_5641,crystal,crystal
1_5648,crystal,crystal
1_5653,crystal,crystal
1_5677,crystal,crystal
1_5690,crystal,crystal
1_5733,crystal,crystal
1_577,crystal,challenging-crystal
1_579,crystal,challenging-crystal
1_5810,crystal,crystal
1_5844,crystal,challenging-crystal
1_5848,crystal,crystal
1_5876,crystal,crystal
1_5923,crystal,crystal
1_594,crystal,challenging-crystal
1_5972,crystal,challenging-crystal
1_6013,crystal,crystal
1_6096,crystal,challenging-crystal
1_6119,crystal,crystal
1_6128,crystal,challenging-crystal
1_6182,crystal,challenging-crystal
1_6205,crystal,challenging-crystal
1_6207,crystal,crystal
1_6260,crystal,crystal
1_6314,crystal,challenging-crystal
1_6322,crystal,challenging-crystal
1_632,crystal,challenging-crystal
1_6354,crystal,crystal
1_6358,crystal,crystal
1_6391,crystal,crystal
1_6477,crystal,challenging-crystal
1_6500,crystal,challenging-crystal
1_650,crystal,challenging-crystal
1_6792,crystal,crystal
1_681,crystal,crystal
1_688,crystal,crystal
1_720,crystal,challenging-crystal
1_788,crystal,crystal
1_805,crystal,crystal
1_82,crystal,crystal
1_831,crystal,crystal
1_870,crystal,challenging-crystal
1_995,crystal,challenging-crystal
2_136,crystal,crystal
2_1951,crystal,non-crystal
2_2072,crystal,challenging-crystal
2_3696,crystal,crystal
2_3877,crystal,challenging-crystal
2_4105,crystal,crystal
2_5065,crystal,crystal
2_6554,crystal,crystal
2_6774,crystal,crystal
1_0,challenging-crystal,non-crystal
1_1141,challenging-crystal,challenging-crystal
1_1145,challenging-crystal,non-crystal
1_1180,challenging-crystal,non-crystal
1_1257,challenging-crystal,challenging-crystal
1_1261,challenging-crystal,challenging-crystal
1_131,challenging-crystal,non-crystal
1_1339,challenging-crystal,challenging-crystal
1_133,challenging-crystal,challenging-crystal
1_1393,challenging-crystal,challenging-crystal
1_1413,challenging-crystal,challenging-crystal
1_1433,challenging-crystal,non-crystal
1_1458,challenging-crystal,challenging-crystal
1_1587,challenging-crystal,challenging-crystal
1_1597,challenging-crystal,challenging-crystal
1_1656,challenging-crystal,challenging-crystal
1_1666,challenging-crystal,challenging-crystal
1_1684,challenging-crystal,challenging-crystal
1_1725,challenging-crystal,challenging-crystal
1_1764,challenging-crystal,non-crystal
1_1816,challenging-crystal,challenging-crystal
1_1825,challenging-crystal,non-crystal
1_1865,challenging-crystal,challenging-crystal
1_1935,challenging-crystal,challenging-crystal
1_1967,challenging-crystal,challenging-crystal
1_1990,challenging-crystal,crystal
1_2034,challenging-crystal,challenging-crystal
1_213,challenging-crystal,non-crystal
1_2160,challenging-crystal,non-crystal
1_2174,challenging-crystal,challenging-crystal
1_2186,challenging-crystal,non-crystal
1_2192,challenging-crystal,challenging-crystal
1_2223,challenging-crystal,challenging-crystal
1_2277,challenging-crystal,challenging-crystal
1_2390,challenging-crystal,challenging-crystal
1_2399,challenging-crystal,challenging-crystal
1_2614,challenging-crystal,challenging-crystal
1_2622,challenging-crystal,challenging-crystal
1_2636,challenging-crystal,challenging-crystal
1_2641,challenging-crystal,challenging-crystal
1_2643,challenging-crystal,challenging-crystal
1_2706,challenging-crystal,challenging-crystal
1_2743,challenging-crystal,challenging-crystal
1_2745,challenging-crystal,non-crystal
1_2824,challenging-crystal,non-crystal
1_2892,challenging-crystal,challenging-crystal
1_2958,challenging-crystal,challenging-crystal
1_2973,challenging-crystal,challenging-crystal
1_3000,challenging-crystal,challenging-crystal
1_3022,challenging-crystal,challenging-crystal
1_3025,challenging-crystal,challenging-crystal
1_3031,challenging-crystal,challenging-crystal
1_3055,challenging-crystal,challenging-crystal
1_3068,challenging-crystal,challenging-crystal
1_3084,challenging-crystal,challenging-crystal
1_3209,challenging-crystal,crystal
1_3227,challenging-crystal,challenging-crystal
1_334,challenging-crystal,challenging-crystal
1_3394,challenging-crystal,crystal
1_3417,challenging-crystal,challenging-crystal
1_3461,challenging-crystal,challenging-crystal
1_3467,challenging-crystal,challenging-crystal
1_3517,challenging-crystal,challenging-crystal
1_3570,challenging-crystal,challenging-crystal
1_3596,challenging-crystal,challenging-crystal
1_3618,challenging-crystal,challenging-crystal
1_3640,challenging-crystal,challenging-crystal
1_3685,challenging-crystal,non-crystal
1_3716,challenging-crystal,challenging-crystal
1_3723,challenging-crystal,non-crystal
1_3740,challenging-crystal,challenging-crystal
1_381,challenging-crystal,challenging-crystal
1_3828,challenging-crystal,challenging-crystal
1_3872,challenging-crystal,challenging-crystal
1_3936,challenging-crystal,challenging-crystal
1_3952,challenging-crystal,challenging-crystal
1_3991,challenging-crystal,challenging-crystal
1_4052,challenging-crystal,challenging-crystal
1_4055,challenging-crystal,crystal
1_4071,challenging-crystal,non-crystal
1_4133,challenging-crystal,challenging-crystal
1_4204,challenging-crystal,non-crystal
1_4208,challenging-crystal,challenging-crystal
1_4245,challenging-crystal,challenging-crystal
1_4265,challenging-crystal,challenging-crystal
1_4371,challenging-crystal,non-crystal
1_4394,challenging-crystal,challenging-crystal
1_4402,challenging-crystal,challenging-crystal
1_4425,challenging-crystal,challenging-crystal
1_4539,challenging-crystal,challenging-crystal
1_4627,challenging-crystal,challenging-crystal
1_4706,challenging-crystal,non-crystal
1_4769,challenging-crystal,challenging-crystal
1_4817,challenging-crystal,challenging-crystal
1_4890,challenging-crystal,challenging-crystal
1_4946,challenging-crystal,challenging-crystal
1_4976,challenging-crystal,crystal
1_4997,challenging-crystal,crystal
1_5007,challenging-crystal,challenging-crystal
1_5052,challenging-crystal,challenging-crystal
1_5055,challenging-crystal,challenging-crystal
1_5131,challenging-crystal,crystal
1_5209,challenging-crystal,challenging-crystal
1_5226,challenging-crystal,challenging-crystal
1_5235,challenging-crystal,crystal
1_5268,challenging-crystal,crystal
1_5279,challenging-crystal,non-crystal
1_5343,challenging-crystal,challenging-crystal
1_5354,challenging-crystal,challenging-crystal
1_5383,challenging-crystal,challenging-crystal
1_5394,challenging-crystal,challenging-crystal
1_5424,challenging-crystal,challenging-crystal
1_5437,challenging-crystal,challenging-crystal
1_5457,challenging-crystal,challenging-crystal
1_5515,challenging-crystal,challenging-crystal
1_5531,challenging-crystal,challenging-crystal
1_5548,challenging-crystal,challenging-crystal
1_5689,challenging-crystal,challenging-crystal
1_5696,challenging-crystal,challenging-crystal
1_5716,challenging-crystal,challenging-crystal
1_5759,challenging-crystal,challenging-crystal
1_576,challenging-crystal,non-crystal
1_5793,challenging-crystal,challenging-crystal
1_5850,challenging-crystal,challenging-crystal
1_5959,challenging-crystal,non-crystal
1_5994,challenging-crystal,challenging-crystal
1_6057,challenging-crystal,challenging-crystal
1_6060,challenging-crystal,challenging-crystal
1_6175,challenging-crystal,challenging-crystal
1_6177,challenging-crystal,challenging-crystal
1_6285,challenging-crystal,challenging-crystal
1_6299,challenging-crystal,challenging-crystal
1_6311,challenging-crystal,challenging-crystal
1_6317,challenging-crystal,challenging-crystal
1_6327,challenging-crystal,challenging-crystal
1_6341,challenging-crystal,challenging-crystal
1_6371,challenging-crystal,crystal
1_6399,challenging-crystal,crystal
1_6412,challenging-crystal,challenging-crystal
1_6482,challenging-crystal,crystal
1_6483,challenging-crystal,challenging-crystal
1_6497,challenging-crystal,challenging-crystal
1_6501,challenging-crystal,challenging-crystal
1_6553,challenging-crystal,challenging-crystal
1_6576,challenging-crystal,crystal
1_6617,challenging-crystal,crystal
1_6626,challenging-crystal,challenging-crystal
1_6630,challenging-crystal,challenging-crystal
1_6645,challenging-crystal,challenging-crystal
1_6736,challenging-crystal,challenging-crystal
1_6774,challenging-crystal,challenging-crystal
1_6784,challenging-crystal,challenging-crystal
1_6820,challenging-crystal,challenging-crystal
1_6830,challenging-crystal,challenging-crystal
1_6865,challenging-crystal,challenging-crystal
1_733,challenging-crystal,challenging-crystal
1_736,challenging-crystal,challenging-crystal
1_791,challenging-crystal,challenging-crystal
1_879,challenging-crystal,challenging-crystal
1_916,challenging-crystal,challenging-crystal
1_983,challenging-crystal,crystal
2_1029,challenging-crystal,challenging-crystal
2_1117,challenging-crystal,challenging-crystal
2_1238,challenging-crystal,challenging-crystal
2_1275,challenging-crystal,non-crystal
2_1302,challenging-crystal,non-crystal
2_1531,challenging-crystal,challenging-crystal
2_1940,challenging-crystal,challenging-crystal
2_2044,challenging-crystal,challenging-crystal
2_2224,challenging-crystal,non-crystal
2_2356,challenging-crystal,non-crystal
2_2364,challenging-crystal,challenging-crystal
2_2380,challenging-crystal,challenging-crystal
2_2492,challenging-crystal,non-crystal
2_2622,challenging-crystal,non-crystal
2_2635,challenging-crystal,non-crystal
2_2842,challenging-crystal,challenging-crystal
2_3039,challenging-crystal,challenging-crystal
2_3055,challenging-crystal,challenging-crystal
2_3114,challenging-crystal,challenging-crystal
2_3228,challenging-crystal,challenging-crystal
2_3374,challenging-crystal,challenging-crystal
2_3622,challenging-crystal,challenging-crystal
2_3890,challenging-crystal,non-crystal
2_4007,challenging-crystal,non-crystal
2_4183,challenging-crystal,non-crystal
2_4321,challenging-crystal,challenging-crystal
2_45,challenging-crystal,challenging-crystal
2_5087,challenging-crystal,challenging-crystal
2_5347,challenging-crystal,non-crystal
2_5801,challenging-crystal,non-crystal
2_5996,challenging-crystal,challenging-crystal
2_6063,challenging-crystal,challenging-crystal
2_6325,challenging-crystal,challenging-crystal
2_6388,challenging-crystal,non-crystal
2_6546,challenging-crystal,non-crystal
2_6639,challenging-crystal,challenging-crystal
2_6787,challenging-crystal,challenging-crystal
2_6793,challenging-crystal,non-crystal
1_166,non-crystal,challenging-crystal
1_1905,non-crystal,non-crystal
1_2309,non-crystal,challenging-crystal
1_2347,non-crystal,crystal
1_2522,non-crystal,non-crystal
1_2649,non-crystal,non-crystal
1_2662,non-crystal,challenging-crystal
1_2731,non-crystal,non-crystal
1_2930,non-crystal,non-crystal
1_2940,non-crystal,non-crystal
1_3011,non-crystal,non-crystal
1_3388,non-crystal,challenging-crystal
1_3590,non-crystal,non-crystal
1_4492,non-crystal,non-crystal
1_4497,non-crystal,non-crystal
1_5002,non-crystal,non-crystal
1_5157,non-crystal,challenging-crystal
1_5461,non-crystal,non-crystal
1_5485,non-crystal,challenging-crystal
1_5571,non-crystal,non-crystal
1_5851,non-crystal,challenging-crystal
1_5903,non-crystal,non-crystal
1_6050,non-crystal,challenging-crystal
1_6083,non-crystal,non-crystal
1_6411,non-crystal,non-crystal
1_6413,non-crystal,non-crystal
1_6674,non-crystal,non-crystal
1_6694,non-crystal,non-crystal
2_1105,non-crystal,non-crystal
2_1170,non-crystal,non-crystal
2_151,non-crystal,non-crystal
2_1556,non-crystal,non-crystal
2_1657,non-crystal,non-crystal
2_2202,non-crystal,challenging-crystal
2_2399,non-crystal,non-crystal
2_2443,non-crystal,non-crystal
2_2866,non-crystal,non-crystal
2_291,non-crystal,non-crystal
2_3227,non-crystal,non-crystal
2_3270,non-crystal,non-crystal
2_3608,non-crystal,non-crystal
2_360,non-crystal,non-crystal
2_3904,non-crystal,non-crystal
2_390,non-crystal,non-crystal
2_3976,non-crystal,non-crystal
2_407,non-crystal,non-crystal
2_4208,non-crystal,challenging-crystal
2_4242,non-crystal,non-crystal
2_4355,non-crystal,non-crystal
2_4410,non-crystal,non-crystal
2_4445,non-crystal,non-crystal
2_445,non-crystal,non-crystal
2_4510,non-crystal,non-crystal
2_4810,non-crystal,non-crystal
2_4816,non-crystal,non-crystal
2_4910,non-crystal,non-crystal
2_4954,non-crystal,non-crystal
2_4974,non-crystal,non-crystal
2_5029,non-crystal,non-crystal
2_5306,non-crystal,non-crystal
2_5315,non-crystal,non-crystal
2_5337,non-crystal,non-crystal
2_539,non-crystal,non-crystal
2_5485,non-crystal,non-crystal
2_5520,non-crystal,non-crystal
2_5697,non-crystal,non-crystal
2_5837,non-crystal,non-crystal
2_5922,non-crystal,non-crystal
2_6157,non-crystal,non-crystal
2_6243,non-crystal,non-crystal
2_6543,non-crystal,non-crystal
2_6574,non-crystal,non-crystal
2_6735,non-crystal,non-crystal
2_6811,non-crystal,non-crystal
2_6813,non-crystal,non-crystal
2_763,non-crystal,non-crystal
1_1016,crystal,crystal
1_102,crystal,crystal
1_1088,crystal,challenging-crystal
1_1119,crystal,crystal
1_1163,crystal,challenging-crystal
1_1184,crystal,challenging-crystal
1_1197,crystal,challenging-crystal
1_121,crystal,crystal
1_1222,crystal,challenging-crystal
1_1237,crystal,challenging-crystal
1_126,crystal,challenging-crystal
1_1247,crystal,challenging-crystal
1_1271,crystal,challenging-crystal
1_1313,crystal,crystal
1_1376,crystal,challenging-crystal
1_1401,crystal,crystal
1_1466,crystal,crystal
1_1467,crystal,crystal
1_1475,crystal,crystal
1_1607,crystal,crystal
1_1664,crystal,crystal
1_1685,crystal,challenging-crystal
1_1696,crystal,challenging-crystal
1_175,crystal,crystal
1_1848,crystal,crystal
1_1906,crystal,challenging-crystal
1_1933,crystal,crystal
1_1974,crystal,crystal
1_2023,crystal,challenging-crystal
1_2048,crystal,challenging-crystal
1_2052,crystal,crystal
1_2060,crystal,challenging-crystal
1_2105,crystal,crystal
1_2279,crystal,crystal
1_231,crystal,challenging-crystal
1_2327,crystal,crystal
1_2341,crystal,crystal
1_2520,crystal,challenging-crystal
1_2554,crystal,challenging-crystal
1_289,crystal,challenging-crystal
1_2906,crystal,crystal
1_2934,crystal,challenging-crystal
1_3038,crystal,crystal
1_3041,crystal,crystal
1_3050,crystal,challenging-crystal
1_3156,crystal,crystal
1_3164,crystal,challenging-crystal
1_3172,crystal,crystal
1_321,crystal,challenging-crystal
1_3237,crystal,challenging-crystal
1_3244,crystal,challenging-crystal
1_3296,crystal,crystal
1_3473,crystal,crystal
1_3482,crystal,crystal
1_3558,crystal,crystal
1_3619,crystal,crystal
1_3845,crystal,crystal
1_3880,crystal,crystal
1_3900,crystal,challenging-crystal
1_3915,crystal,challenging-crystal
1_3916,crystal,challenging-crystal
1_3917,crystal,challenging-crystal
1_3920,crystal,crystal
1_3934,crystal,challenging-crystal
1_3950,crystal,crystal
1_4033,crystal,non-crystal
1_405,crystal,challenging-crystal
1_4069,crystal,crystal
1_4081,crystal,challenging-crystal
1_4086,crystal,challenging-crystal
1_4106,crystal,challenging-crystal
1_4121,crystal,crystal
1_412,crystal,crystal
1_4139,crystal,challenging-crystal
1_4170,crystal,challenging-crystal
1_4224,crystal,challenging-crystal
1_4235,crystal,crystal
1_4267,crystal,challenging-crystal
1_4306,crystal,challenging-crystal
1_4323,crystal,challenging-crystal
1_4373,crystal,crystal
1_4398,crystal,crystal
1_4399,crystal,challenging-crystal
1_4422,crystal,challenging-crystal
1_4449,crystal,challenging-crystal
1_4462,crystal,challenging-crystal
1_4468,crystal,crystal
1_4469,crystal,crystal
1_452,crystal,challenging-crystal
1_4593,crystal,challenging-crystal
1_4807,crystal,crystal
1_480,crystal,crystal
1_500,crystal,crystal
1_5107,crystal,challenging-crystal
1_52,crystal,crystal
1_5411,crystal,challenging-crystal
1_5641,crystal,crystal
1_5653,crystal,crystal
1_577,crystal,challenging-crystal
1_579,crystal,challenging-crystal
1_5844,crystal,challenging-crystal
1_5923,crystal,crystal
1_6096,crystal,crystal
1_6205,crystal,challenging-crystal
1_6314,crystal,challenging-crystal
1_6358,crystal,crystal
1_6354,crystal,crystal
1_6477,crystal,challenging-crystal
1_6562,crystal,crystal
1_681,crystal,crystal
1_720,crystal,challenging-crystal
1_788,crystal,crystal
1_805,crystal,crystal
1_831,crystal,crystal
1_82,crystal,crystal
1_870,crystal,challenging-crystal
1_919,crystal,crystal
1_924,crystal,crystal
1_995,crystal,challenging-crystal
2_1951,crystal,non-crystal
2_2072,crystal,challenging-crystal
2_4105,crystal,crystal
2_6554,crystal,crystal
2_6774,crystal,crystal
1_0,challenging-crystal,non-crystal
1_1140,challenging-crystal,crystal
1_1141,challenging-crystal,challenging-crystal
1_1261,challenging-crystal,challenging-crystal
1_1264,challenging-crystal,challenging-crystal
1_1314,challenging-crystal,challenging-crystal
1_1339,challenging-crystal,challenging-crystal
1_1388,challenging-crystal,challenging-crystal
1_1393,challenging-crystal,challenging-crystal
1_1413,challenging-crystal,challenging-crystal
1_1433,challenging-crystal,non-crystal
1_1458,challenging-crystal,challenging-crystal
1_1512,challenging-crystal,challenging-crystal
1_1587,challenging-crystal,challenging-crystal
1_1636,challenging-crystal,challenging-crystal
1_1688,challenging-crystal,challenging-crystal
1_1729,challenging-crystal,crystal
1_1764,challenging-crystal,challenging-crystal
1_1777,challenging-crystal,challenging-crystal
1_1816,challenging-crystal,challenging-crystal
1_1825,challenging-crystal,non-crystal
1_1865,challenging-crystal,challenging-crystal
1_1990,challenging-crystal,crystal
1_1992,challenging-crystal,crystal
1_2034,challenging-crystal,challenging-crystal
1_213,challenging-crystal,non-crystal
1_2186,challenging-crystal,non-crystal
1_2223,challenging-crystal,challenging-crystal
1_2277,challenging-crystal,challenging-crystal
1_2335,challenging-crystal,crystal
1_2399,challenging-crystal,challenging-crystal
1_2468,challenging-crystal,challenging-crystal
1_2614,challenging-crystal,challenging-crystal
1_2641,challenging-crystal,challenging-crystal
1_2706,challenging-crystal,challenging-crystal
1_2743,challenging-crystal,challenging-crystal
1_2745,challenging-crystal,challenging-crystal
1_2824,challenging-crystal,challenging-crystal
1_2892,challenging-crystal,challenging-crystal
1_296,challenging-crystal,crystal
1_3025,challenging-crystal,challenging-crystal
1_3031,challenging-crystal,challenging-crystal
1_304,challenging-crystal,challenging-crystal
1_3068,challenging-crystal,challenging-crystal
1_3168,challenging-crystal,challenging-crystal
1_3209,challenging-crystal,crystal
1_3327,challenging-crystal,challenging-crystal
1_334,challenging-crystal,challenging-crystal
1_3394,challenging-crystal,crystal
1_3417,challenging-crystal,challenging-crystal
1_3426,challenging-crystal,challenging-crystal
1_3461,challenging-crystal,challenging-crystal
1_3465,challenging-crystal,challenging-crystal
1_3467,challenging-crystal,challenging-crystal
1_355,challenging-crystal,crystal
1_3570,challenging-crystal,challenging-crystal
1_3607,challenging-crystal,non-crystal
1_3618,challenging-crystal,challenging-crystal
1_3685,challenging-crystal,non-crystal
1_3716,challenging-crystal,challenging-crystal
1_3723,challenging-crystal,non-crystal
1_3738,challenging-crystal,challenging-crystal
1_3740,challenging-crystal,challenging-crystal
1_3792,challenging-crystal,challenging-crystal
1_381,challenging-crystal,challenging-crystal
1_3828,challenging-crystal,challenging-crystal
1_3952,challenging-crystal,challenging-crystal
1_4055,challenging-crystal,crystal
1_4071,challenging-crystal,non-crystal
1_4133,challenging-crystal,challenging-crystal
1_4204,challenging-crystal,non-crystal
1_4208,challenging-crystal,challenging-crystal
1_4233,challenging-crystal,crystal
1_4265,challenging-crystal,challenging-crystal
1_4361,challenging-crystal,challenging-crystal
1_4371,challenging-crystal,non-crystal
1_4394,challenging-crystal,challenging-crystal
1_4402,challenging-crystal,challenging-crystal
1_4425,challenging-crystal,challenging-crystal
1_4441,challenging-crystal,challenging-crystal
1_4515,challenging-crystal,challenging-crystal
1_4517,challenging-crystal,challenging-crystal
1_4664,challenging-crystal,challenging-crystal
1_4769,challenging-crystal,challenging-crystal
1_4879,challenging-crystal,challenging-crystal
1_4885,challenging-crystal,challenging-crystal
1_4890,challenging-crystal,challenging-crystal
1_4894,challenging-crystal,challenging-crystal
1_4946,challenging-crystal,challenging-crystal
1_4976,challenging-crystal,crystal
1_5039,challenging-crystal,challenging-crystal
1_5052,challenging-crystal,challenging-crystal
1_5055,challenging-crystal,challenging-crystal
1_5131,challenging-crystal,crystal
1_5136,challenging-crystal,crystal
1_5164,challenging-crystal,crystal
1_5176,challenging-crystal,crystal
1_5185,challenging-crystal,crystal
1_5209,challenging-crystal,challenging-crystal
1_5235,challenging-crystal,crystal
1_5261,challenging-crystal,crystal
1_5268,challenging-crystal,challenging-crystal
1_5269,challenging-crystal,crystal
1_5302,challenging-crystal,challenging-crystal
1_5343,challenging-crystal,challenging-crystal
1_5383,challenging-crystal,challenging-crystal
1_5394,challenging-crystal,challenging-crystal
1_5515,challenging-crystal,challenging-crystal
1_5531,challenging-crystal,challenging-crystal
1_5619,challenging-crystal,challenging-crystal
1_5658,challenging-crystal,challenging-crystal
1_5689,challenging-crystal,challenging-crystal
1_5696,challenging-crystal,challenging-crystal
1_5706,challenging-crystal,challenging-crystal
1_5716,challenging-crystal,challenging-crystal
1_5720,challenging-crystal,challenging-crystal
1_5751,challenging-crystal,challenging-crystal
1_5759,challenging-crystal,challenging-crystal
1_576,challenging-crystal,non-crystal
1_5793,challenging-crystal,challenging-crystal
1_5847,challenging-crystal,challenging-crystal
1_5850,challenging-crystal,challenging-crystal
1_5959,challenging-crystal,non-crystal
1_6008,challenging-crystal,challenging-crystal
1_6048,challenging-crystal,challenging-crystal
1_6057,challenging-crystal,challenging-crystal
1_6077,challenging-crystal,challenging-crystal
1_610,challenging-crystal,challenging-crystal
1_612,challenging-crystal,challenging-crystal
1_6175,challenging-crystal,challenging-crystal
1_6177,challenging-crystal,challenging-crystal
1_6246,challenging-crystal,challenging-crystal
1_6282,challenging-crystal,challenging-crystal
1_6285,challenging-crystal,challenging-crystal
1_6311,challenging-crystal,challenging-crystal
1_6317,challenging-crystal,challenging-crystal
1_6341,challenging-crystal,challenging-crystal
1_6371,challenging-crystal,crystal
1_6399,challenging-crystal,crystal
1_6412,challenging-crystal,challenging-crystal
1_6482,challenging-crystal,crystal
1_6576,challenging-crystal,crystal
1_6582,challenging-crystal,challenging-crystal
1_6617,challenging-crystal,crystal
1_6626,challenging-crystal,challenging-crystal
1_6630,challenging-crystal,challenging-crystal
1_6644,challenging-crystal,challenging-crystal
1_6662,challenging-crystal,challenging-crystal
1_6663,challenging-crystal,crystal
1_6736,challenging-crystal,challenging-crystal
1_6778,challenging-crystal,challenging-crystal
1_6784,challenging-crystal,challenging-crystal
1_6866,challenging-crystal,crystal
1_733,challenging-crystal,challenging-crystal
1_736,challenging-crystal,challenging-crystal
1_859,challenging-crystal,crystal
1_879,challenging-crystal,challenging-crystal
1_983,challenging-crystal,crystal
2_1029,challenging-crystal,challenging-crystal
2_1117,challenging-crystal,challenging-crystal
2_1238,challenging-crystal,challenging-crystal
2_1302,challenging-crystal,non-crystal
2_1940,challenging-crystal,challenging-crystal
2_2356,challenging-crystal,non-crystal
2_2364,challenging-crystal,challenging-crystal
2_2380,challenging-crystal,challenging-crystal
2_2383,challenging-crystal,crystal
2_2487,challenging-crystal,non-crystal
2_249,challenging-crystal,challenging-crystal
2_2635,challenging-crystal,non-crystal
2_2768,challenging-crystal,challenging-crystal
2_285,challenging-crystal,challenging-crystal
2_3055,challenging-crystal,challenging-crystal
2_3114,challenging-crystal,challenging-crystal
2_3228,challenging-crystal,challenging-crystal
2_3622,challenging-crystal,challenging-crystal
2_4007,challenging-crystal,non-crystal
2_4183,challenging-crystal,non-crystal
2_4321,challenging-crystal,challenging-crystal
2_4650,challenging-crystal,challenging-crystal
2_5087,challenging-crystal,challenging-crystal
2_5347,challenging-crystal,non-crystal
2_5801,challenging-crystal,non-crystal
2_5996,challenging-crystal,challenging-crystal
2_6063,challenging-crystal,challenging-crystal
2_6323,challenging-crystal,challenging-crystal
2_6546,challenging-crystal,non-crystal
2_6639,challenging-crystal,challenging-crystal
2_6787,challenging-crystal,challenging-crystal
2_6793,challenging-crystal,non-crystal
1_1167,non-crystal,non-crystal
1_1283,non-crystal,challenging-crystal
1_1781,non-crystal,non-crystal
1_2347,non-crystal,crystal
1_2731,non-crystal,non-crystal
1_2905,non-crystal,non-crystal
1_2930,non-crystal,non-crystal
1_2969,non-crystal,non-crystal
1_3011,non-crystal,non-crystal
1_3040,non-crystal,non-crystal
1_3388,non-crystal,challenging-crystal
1_3407,non-crystal,non-crystal
1_3478,non-crystal,non-crystal
1_3855,non-crystal,non-crystal
1_466,non-crystal,non-crystal
1_5123,non-crystal,non-crystal
1_5159,non-crystal,non-crystal
1_523,non-crystal,non-crystal
1_5485,non-crystal,challenging-crystal
1_6083,non-crystal,non-crystal
1_6086,non-crystal,non-crystal
1_6278,non-crystal,non-crystal
1_630,non-crystal,non-crystal
1_6413,non-crystal,non-crystal
1_6454,non-crystal,non-crystal
1_6556,non-crystal,non-crystal
1_6625,non-crystal,non-crystal
1_6694,non-crystal,non-crystal
1_868,non-crystal,non-crystal
1_929,non-crystal,non-crystal
1_951,non-crystal,non-crystal
2_1346,non-crystal,non-crystal
2_1394,non-crystal,non-crystal
2_1614,non-crystal,non-crystal
2_1723,non-crystal,non-crystal
2_1749,non-crystal,non-crystal
2_1820,non-crystal,non-crystal
2_1872,non-crystal,non-crystal
2_2136,non-crystal,non-crystal
2_2184,non-crystal,non-crystal
2_2244,non-crystal,non-crystal
2_2399,non-crystal,non-crystal
2_2777,non-crystal,non-crystal
2_2814,non-crystal,non-crystal
2_3203,non-crystal,non-crystal
2_3227,non-crystal,non-crystal
2_3270,non-crystal,non-crystal
2_3315,non-crystal,non-crystal
2_360,non-crystal,non-crystal
2_3775,non-crystal,non-crystal
2_3862,non-crystal,non-crystal
2_3897,non-crystal,non-crystal
2_3913,non-crystal,non-crystal
2_4031,non-crystal,non-crystal
2_4070,non-crystal,non-crystal
2_407,non-crystal,non-crystal
2_4120,non-crystal,non-crystal
2_4207,non-crystal,non-crystal
2_4208,non-crystal,challenging-crystal
2_4242,non-crystal,non-crystal
2_4355,non-crystal,non-crystal
2_442,non-crystal,non-crystal
2_4469,non-crystal,non-crystal
2_5000,non-crystal,non-crystal
2_5032,non-crystal,non-crystal
2_5106,non-crystal,non-crystal
2_5112,non-crystal,non-crystal
2_539,non-crystal,non-crystal
2_5484,non-crystal,non-crystal
2_5627,non-crystal,non-crystal
2_5886,non-crystal,non-crystal
2_6157,non-crystal,non-crystal
2_6199,non-crystal,challenging-crystal
2_653,non-crystal,non-crystal
2_763,non-crystal,non-crystal
2_861,non-crystal,non-crystal
